en-fr,en-fi,ar-en,en-hi,en-zh
Second Committee,Infrastructure.,Come to,Please take the official translations! (Insert inert gases - as specified by manufacturer),You don't need to come
Nadia?,Pull it up!,He knew that.,This is a major conspiracy by the children!,Come on
Instructions:,What do you mean by that?,Don't forget this point,Failed to encode data,"Jack! Jack! No, no"
I'll see you people in a little while,That's Carol's knife.,"I have to go, CT, see you later.",All accounts have been removed,(b) Follow-up and implementation of the Mauritius Strategy for the Further Implementation of the Programme of Action for the Sustainable Development of Small Island Developing States
"Hello, Mr Gallbladder.","No, he does not.",Any ballot containing more names than seats allotted to the constituency shall be considered void.,"That day man will say, 'Where can I flee?'",Xiaoqian!
My Lord...,This is not us.,Okay..,The people of Noah denied the messengers,"Sweetheart, Kani?"
Leave me alone.,Do you know what love is?,You pervert,_16:9,"As long as you reply, he’ll talk non-stop for the next forty minutes"
Where is he now?,"Avram, no!",I have no idea,"The day when We will call all people with their leaders, then whoever is given his record in his right hand, he will read it joyfully and they will not be wronged even as much as a thread.",We’re leaving
I have a bit of a cold.,Operator using ICAO_CODE: MAR,No justice.,Interval,Hello
"Oh, ridiculous.",Where are you staying?,That's enough.,Let's go near Vegas.,"Weapons room, this is the control room"
"Look, this watch is worth over $1100.",See you in a minute.,It's a promise.,That person who chooses the service of God as his life's goal has something in common.,Commissioner Jean Naudet (signature)
"At the same meeting, statements were made by the representatives of Algeria (on behalf of the African Group), Canada, Jordan and Switzerland and the observer for Sudan.","Hey, are you okay in there?",I'm going to take care of that.,They did not bring us here to change the past.,Potter.
You got it.,What are you talking about?,How's it going?,Object Identifier (%s),"Yes, I know."
Again!,Z O. O.,Give me some time.,Myotonia Congenita.,"Not your 'we', our 'we'."
She left me certain clues.,Alessandro Praduroux,You're not going to make it.,Roman,I just want you to be you again.
"Excuse me, darling.","Oh, no, no!","Hey, wait a second.",He just transformed.,[Cricket chirps]
Fortieth session,Nice outfit.,Isn't that right?,Draw lines and +/- expanders.,"God is challenging you, he says you're a fool."
He was gone already.,Ladies and gentlemen... I want to invite you all to a party I'm throwing at the Plaza for Ruthie.,Welcome back.,Come inside.,I will always remember my brother.
"Zinc chloride, glycerol, metacresol, phenol, disodium phosphate dihydrate, sodium hydroxide, hydrochloric acid, protamine sulfate and water for injections.",What!,Are you feeling better?,Move!,10th meeting
My Uncle Edmure has his forces garrisoned there.,What do you hear?,"Yes, my love.",Africa/El_Aaiun,The result?
And I didn't think it should show up on his record.,No keys.,What do you mean?,The answer was wrong.,The meeting was called to order at 10.40 a.m.
Pressure.,So it makes my recollection unreliable.,You lied to me.,Where did you go?,Give it to him.
Me. This wasn't for me. This was for her.,"The desserts, my cookies-- have they put them out yet?",Calm down.,Insert Smiley,You’re going to break your new belt.
"Well, I mean, at least financially.","Well, could mean a surprise visit from a former friend or sweetheart.",No one will believe you.,Do not forget this point.,I have to take this.
"So, what do we do now?",You must be tired.,God is great.,Dependencies (Graphic),And then came one million hearts with their songs on guitar.
Wait...,She's teaching Jeremy how not to kill me.,What's going on?,"They will excuse themselves when you return to them. Say: Do not make excuses, we will not believe you. Allah has already told us about you.",Report of the International Narcotics Control Board for 2006
Call her!,Congratulations.,You will regret this.,With pleasure.,How’s Tea?
COMPANY TAXATION,‘Article 7,You're welcome.,You promise?,Sixth Committee
How dare you?,That is brilliant!,I'm sorry.,Birthday: %s,"Yes, him."
I'm not leaving.,The pharmacokinetics of digoxin was not altered by coadministration of irbesartan.,I'm not sure.,Are you sure you want to permanently remove all the deleted messages in all folders?,"Butt, Montana?"
Standards,He shies away from anything that requires effort and I think maybe he picks that up from me.,How did you find out?,"Author (read, create)",Frank—
Thank you.,"I support the amendments, which improve the directive, but I cannot support the text as a whole - and the June Movement cannot support the text as a whole - because it still takes the country of origin principle as its starting-point.",He'll be here soon.,Simple Free/Busy,Where are you going?
No.,Article 7,Be careful.,Start receiving,What do you mean?
"No, I will not be intimidated by these threats.","No, not yet.",Why are you crying?,Interval,You can’t go in there!
of 13 October 2011,Hey.,Everything is fine.,CVS: Remove file/directory,This is the job.
"Oh, no.",You're making me look bad.,No problem.,He's stealing electricity.,Organization of work
She's my mother.,Albert.,I don't want to talk about it.,Right drag another line or left click to finish.,"“Hey, handsome man, let’s go undercover.”"
That is why I am giving you this.,You want to bang the French chick.,That's strange.,Name: &,"He paid 5,000 dollars for the Shreveport orchestra to come over and play the Messiah."
"""Brought""?",Not all potential uses have been evaluated at the Community level.,Who are you talking about?,Read items marked _private,Isn’t it dizzying?
Zero asked me about my humble beginnings in the hotel trade.,I guess not.,I don't know what to do.,R_emove All Breakpoints,They’re coming.
Look at you go.,No!,I feel tired.,Danny?,Is it working?
But there's nothing I can do about it.,"Shit, no!",Take your time.,You should have received a copy of the GNU General Public License with Brasero...,You’re going to be fine.
Hi.,Who's awesome?,I hope so.,Message:,Stay with me.
Political situation,There.,You're so kind.,Don't forget this.,Welcome back.
Very difficult.,You're welcome.,Did you hear that?,New _Memo,"He’s a sniper, and he’s got an assistant who carries the bullets and everything."
No one's ever asked me to pull off a Golden Tux.,"Oh, man.",Let's go.,Interval,We do this together.
She's a singer.,What?,Wait for me.,Let us go.,"And some among them believed in it, and some among them rejected it. Hell is sufficient as a blaze."
"Yes, I do.","If you have any further questions on the use of this product, ask your doctor or pharmacist.",He’s right.,Search for the Contact.,What do we do now?
He's not dead?,I think I can take him.,Why now?,Cannot get message %s: %s,This place has the smell of real men!
Are you serious?,Everything's under control.,Leave me alone.,Work,I just can’t do it.
Kind of.,"Anakin, help me!",Do you really believe that?,Location,They know we’re here.
Let us in.,"Aye aye, sir.",It's too late.,Matthias Kalle Dalheimer,Noting that technological developments and international cooperation have enhanced the capabilities for the prediction of the El Niño phenomenon...
I didn't win anything.,5,This is the end.,Remove,Recalling the 2005 World Summit Outcome
"Oh, thank you, Magistrate.",Thank you.,Try again.,FIB(9) returns 34,Like what?
You're a Grimm?,"You ready to see your dad, kid?",What’s your plan?,That he will not be wronged in the least.,Richard Conte is a machine gunner and he has his assistant who carries bullets and all that.
I just did not see this coming.,And please give this to your car care professional.,This is unbelievable.,I cooked dinner.,Do you understand?
I can't do it anymore.,Save ZModem Download to...,He is dangerous.,"Hey, what's that?","Yes, grandpa."
],It couldn't.,Don't leave me.,Enable Reminders,You’re safe now.
You're offering me a job.,I know those kids.,It's not worth it.,List,We survived.
"They want to identify the Protestants, put targets on their backs.","Hey, strange",You understand nothing.,Size:,That woman isn’t human.
I'm hungry.,Standard issue is insufficient.,We will see.,Construct the parallel line through this point,Tell me what you did yesterday.
Look!,4000$ on a handbag that likely cost 10 dollars to make in a sweatshop overseas.,Help me!,You asshole.,Report.
ANNEX,There was a fire.,Where were you?,"I shouldn't really tell you, but I just have to.",We’ll get through this.
Annex,Thank you very much.,What do you want?,Okay.,Frank.
It's regulations.,She's cool.,What happened?,"Chop, chop.",This is a private establishment.
Please don't leave.,Do you have something to hide?,Are you okay?,Fifteen seconds.,You’re going to be okay.
Eat,You're not coming?,She’s not answering.,I'm Dekins.,I love you.
I don't know what you mean.,My darling boy!,Don’t do this.,They will question you about the mountains. Say: My Lord will scatter them like ashes.,"Come on, cool it with that."
Sit down.,There shouldn't be anybody in there.,I promise.,"Yes, grandpa.",Goldie’s apartment.
Then why are you going?,"I mean, look at her.",Let’s begin.,"He argues that this situation constituted a violation of article 9, paragraph 1, of the Covenant.",Let's move forward.
HAS ADOPTED THIS DECISION:,What's her deal?,This is impossible.,"Come in, come in.",You’re offering me a job.
That's...,We gave you all the food we have!,What’s that?,Let's try it again.,That was terrifying.
I don't understand what you mean.,Come in.,You didn’t tell me.,"First of all, stop thinking you can minimize the hurt.",Tell them about the divorce and move on.
"Yo, blow that out.",Where's the light?,Move now.,"Other, Private Use",Let’s find shelter.
Who?,"Once we get the Key back, we'll be gone within two pretons.",We are waiting.,"You're a criminal, Snart, but you live by a code.",Tell me I’m good.
Who is this?,"Come on, buddy.",It’s my fault.,Frank.,Who the hell am I?
"Hey, how's it goin'? - Jerry, you know Peter, right?",We have to pray for his soul.,I didn’t know.,We got Harlow on the move.,He showed up again and became emergent.
Come on,Customers find you cold and distant.,He’s lying.,Table 29.7 Resource requirements: executive direction and management,Obstructing officer at the bar today.
Buddha is rarely honoured as God.,We don't?,That’s what I thought.,Custom...,It’s the only name that keeps repeating.
Hi.,"But he has a lot of money, and a lot of lawyers.",I don’t care.,Error adding contact,Get up!
That woman isn't human.,You kids have been told you can do anything.,Why me?,Even if it kills me.,They’re gone.
"Okay, here's what we're going to do.",Yes!,I’m confused.,Did you hear what I said?,God is great.
That same progress will be needed in many other areas...,Don't you think you should leave the boy now?,Tell me the truth.,On the Day of Resurrection neither your relatives nor your children will benefit you.,Tell me the story.
Jessica--,"I saw her this morning, walking it by the park.",It’s just the beginning.,Error contacting the Account Manager,You should go home.
Let us therefore remember today that appalling war and its consequences.,We rode.,He didn’t survive.,Calling %s...,No justice.
I'm in trouble.,One night...,Stop talking.,What time the greatest wretch of them rose up.,We need to hide.
Attaboy.,Okay?,Let’s meet soon.,Object Identifier,Check these out!
You do realize that this is the London Phil's only performance in the United States this year?,"Bates, can I ask you something?",I’m not sure about that.,It's so beautiful in Denver today it's hard to believe a snowstorm could be close.,It’s your choice.
Stick together!,They so should go down easy because we had soccer practice today.,What are you doing?,Show deleted messages (with a strike-through) in the message-list.,Jack?
Is this you acting as ship's therapist now?,Do you know each other?,Don’t touch me.,Missing date.,My boss recycled it.
"Having regard to the Treaty establishing the European Atomic Energy Community, and in particular Article 140 thereof,","Chop, chop.",What’s the problem?,Noting that technological developments and international cooperation have enhanced the capabilities for the prediction of the El Niño phenomenon...,"She's 24, a dance major."
Eng.,What are you going to do?,Let me explain.,Message List,"So, yeah."
The response to treatment in both of these trials is presented in Table 4.,"Me, neither.",I’ll try.,God is great.,I’ll be out.
This is L.A.,"General, we have to close down the east side of Second Avenue from 55th to 42nd and the north side of 42nd from Sixth to the river.",I can’t believe it.,And dispute not with the people of the Book except in a way that is best.,I'm Holly.
Stop the truck.,At the same time.,Do you remember?,Add Attachment,I just can't do it.
Be careful!,No dosage adjustment is necessary in female patients.,It’s urgent.,It's you again.,Keep going.
Say it.,"Arrow Fasteners Co. Ltd, Taipei 15.2%",I have to go.,You're safe now.,To play?
"Hey, sweet pea.",4,No one knows.,Every city has a theater.,"He's going to leave a big, big tip. Yeah."
This will.,I need some. I need some!,You’ve changed.,Other ingredients:,Listen...
Thank you.,What happened?,It’s over.,I don't want to die.,Daniel.
I don't want to run.,Other ingredients:,It’s your choice.,We need another man.,Don’t say that.
You should go home.,Nineteen years old.,Nothing happened.,Help is coming.,You’re stronger than you think.
I guess. Yeah.,Get in here.,Why did you lie?,Nothing.,Buzz off.
"Okay, come on.",Part three - CPA 1996 structure,I’m not afraid.,Detected Output,Let’s stick together.
Meeting,I know you.,Trust me.,Play a sound for new mail.,I’m in trouble.
How did you know that?,Are you sure?,That’s what he said.,Detect Outputs,It's good.
He's stealing electricity.,What happened?,Let’s keep moving.,Element,He just woged.
Great party.,She caught me off guard.,They are watching.,Allison!,Give me your lighter.
That it?,Try one.,Is it safe?,Interval,And this?
But that's another story.,Is that all right?,She’s with them.,Do you understand?,"Cate… meet Lux, our daughter."
Postal code,No.,Don’t be afraid.,I feel tired.,There’s nothing I can do.
I am sorry.,"Yeah, stand them up!",I saw everything.,Any header,We have to pray for his soul.
All right.,"Yeah, I know you did.",It’s locked.,I should've taken better care of you.,We’ll rebuild.
Where do you think you're going?,(The House rose and observed a minute's silence),Try to stay calm.,I just want you to be safe.,I’m afraid people are getting used to capital punishment.
What do you think?,That is definitely not crack-a-lackin'.,I have proof.,Every person who chooses the service of God has something in common.,Let's try again.
Peter?,Did I?,Don’t make a sound.,Beryx spp.,That’s enough!
TABLE IV,Linden.,Wait for the signal.,Interval,You’re of little use to your clan; might as well be of some use to me.
I thought you did.,"Having regard to the proposal from the European Commission,",He betrayed us.,What's going on?,Are you okay?
http://www.parcastronomic.cat,Leo?,I’ll explain later.,Pharmacotherapeutic group:,It’s urgent.
Her.,"""Lad?""",We’re surrounded.,I agree.,Where have you been?
You okay?,"If they don't look real hard, they won't find it.",This isn’t normal.,Remove,I just want you to be safe.
But what I have invented is a means of locating the missing crystal.,I don't think you could.,I warned you.,Days on which the start and end of work hours should be indicated.,It’s the job.
Stop?,When you're ready.,They followed us.,"Proxy login as ""{0}"" was unsuccessful. Please check your email address and try again.",I feel tired.
What are you doing down here?,Report.,We have to hide.,What are you saying?,Help me!
I can't believe this!,Subcutaneous or intravenous use,Do you trust me?,Come on!,Wait!
Name of administration:,Just drive.,We’re not alone.,Are you ready?,I’ll let you be buried with her!
"I know, and I feel really bad about it.","Easy, easy.",Where is she?,They ask you to hasten the evil before the good.,Let’s meet soon.
The time now is 05:08.,Jacob...,She disappeared.,Interval,Come in.
I'll look after her.,Escape.,It’s their fault.,Noting that technological developments and international cooperation have enhanced the capabilities...,They followed us.
"The album is based on J. R. R. Tolkien's ""The Silmarillion""...",And this.,The signal is weak.,Interval,He is dangerous.
Establishing the standard import values for determining the entry price of certain fruit and vegetables.,Batch,I’ll go first.,Message:,Let me explain.
Thank you.,Nice guys?,Cover me.,It's you again.,I'll explain later.
You did?,Time to see who's behind all this.,Stay down.,Reflected image?,No one will ever know.
Article 7,There's just so much.,We’re trapped.,We gave you all the food we have!,Don't be afraid.
I should go to bed.,But?,Keep your head down.,And inform them about the guests of Abraham.,Get the car.
From you.,What does it matter?,What do we do now?,The answer was wrong.,It's too late.
Stop the car!,Well...,Take this.,He knew that.,We’re lucky to be alive.
It's for the welfare of our children.,A jukebox.,What are they planning?,Standards,Take this.
I don't want to do that.,There's something you must know about your father.,You’re bleeding.,Birthday: %s,Everything will be fine.
Where have you been?,Where have you been?,Get the car.,Right.,Let’s go.
Committee on Non-Governmental Organizations,"No, it's cool.",Is it working?,"He argues that this situation constituted a violation of article 9, paragraph 1, of the Covenant.",Never will.
What are you doing here?,Buzz off.,Don't look back.,You did?,That was close.
No need.,"Everybody saying hello to each other, how wonderful!",What is that noise?,I don't want to run.,I’m with you.
Underneath the gym.,Sorry.,They know we’re here.,Interval,You’re not alone.
"What's the matter, honey?",Hi.,Hurry up.,It only takes quarters.,"Take care of yourself, Fabiana."
Ray:,It only takes quarters.,They’re coming.,We do this together.,We have each other.
"REMOVE, NOT USED",We need another man.,I’ll hold them off.,Contents,We’re safe.
This can be ensured by promoting land-use planning...,"He paid 5,000 dollars for the Shreveport orchestra to come over and play the Messiah.",You go ahead.,I say!,This will.
"Ok, shit, let's do this before we lose our permit.",I love you.,They have weapons.,Interval,They have weapons.
"Yeah, I don't because they're part of a crime scene.",You understand.,Are you sure it’s safe?,Interval,Stay with me.
Do you know where we keep the... balance sheets?,Let's try it again.,We can’t stop.,I love you.,He's not dead?
"What the hell, man!","Come on, cool it with that.",They’re everywhere.,We are lucky to be alive.,You’re stronger than you think.
Sleep there,You have to hurry.,Take the stairs.,I’ll see you tomorrow.,Do you trust me?
I'll be out.,The standard import values referred to in Article 4 of Regulation (EC) No 3223/94 shall be fixed as indicated in the Annex hereto.,We’re running out of time.,Interval,We can do this.
Mm.,I was only playing.,How much further?,"Yes, I do.",He betrayed us.
I'll see you tomorrow.,Anything?,Hold on tight.,Interval,You're welcome.
Wrong. We're here.,I don't have a car.,Almost there.,I’ll hold them off.,"Please, hold on."
Customs duties y,"You're fired, Callie.",We made it.,Interval,The worst is over.
"Jesus, Anna.",11/10/2010,Thank God.,Icosahedron,Tell you what?
You know what I'm saying.,Why are we so quick to blame?,It’s not over yet.,"And how many messengers We have told you about before, and how many We have not told you about. And Allah spoke directly to Moses.",Thanks.
"True, President El Béchir...",So how did you know all that stuff the other day?,That was close.,Grab!,We’re trapped.
I don't want to hear it.,Why are you here?,We have to keep moving.,"On the Day of Judgment, neither your kinship nor your children will benefit you. That day He will judge between you, and God is watching everything you do.",We're here.
-25,"First of all, stop thinking you can minimize the hurt.",Watch your step.,The file you selected doesn't seem to be valid. Only .png is valid. Error: {0},It won’t happen again.
"All right, come on.",I knew it.,Where’s the exit?,"No doubt, those matters in which people disputed in this world — your Lord will judge between them on the Day of Judgment.",We made it.
Namibia supports the conclusions and recommendations contained in the report...,Yeah!,It's behind us.,Specify session management ID,"Oh, my dear."
You are ready.,Fifteen seconds.,We’re too late.,"Always observe prayers and especially maintain good prayers, and stand humbly before Allah.",We’re surrounded.
I love you.,Get off of me!,Is she okay?,I was just thinking about pigs...,This isn’t the end.
Someone else was here.,Black Cadillac limousine.,Just a little more.,Noah said: 'O my Lord! They disobeyed me and followed those whose wealth and children only increased them in loss.',Let’s go.
Where?,Cystic fibrosis.,It’s going to be okay.,New contact...(_N),I'm going to stop you right there.
The manufacturer shall offer a commercial guarantee...,"I don't have that much power, I don't think.",Help is coming.,"Then when He wills, He will resurrect him.",All right.
No one will ever know.,Mmm... it tickles.,You’re safe now.,Failed to decrypt MIME part: protocol error,And you agreed?
Right.,"I ate, like, four whole cans of dip.",Stay with me.,"Hey, wait a minute.",We’re running out of time.
Day ends:,I know your life is perfect.,Don’t close your eyes.,Speak gently to him; perhaps he may take heed or fear.,You have to trust me.
"Oh, my God!",Listen...,You’re going to be fine.,Is the meta enabled?,Keep quiet.
"Hello, what's that?","No, please, it was my pleasure.","Please, hold on.",To Allah belongs all that is in the heavens and the earth. And Allah encompasses everything in His might.,See you some other day.
I don't understand.,Pharmacotherapeutic group:,It’s quiet now.,Check this exterior.,I’m with you.
Beryx spp.,"No, actually, I don't.",They’re gone.,Subject:,Always.
Discuss the number of accidents as classified...,"I will kill you in the longest, slowest, most painful way possible.",We’re safe.,Delete selected from record,
Reflected image?,The signature is valid and the key is ultimately trusted.,I’m glad you’re here.,Contact the owner of the mailing list from which this message came,Chapter twelve
"Go, now!",You'll see.,That was terrifying.,Overtype,Don’t be afraid
"Come in, come in.",Never will.,You did well.,europe.kgm,Taxi!
What is it?,"Cate... meet Lux, our daughter.",Thank you for saving me.,By the even and the odd,- No way
Hang on a second.,"Listen, whatever your reasons, right or wrong, the consequences will be the same.",We need rest.,"Command your people to pray and be steadfast in it. We ask no provision from you. We provide for you, and the good end is for righteousness.",Let's welcome all the dancing kings and queens
"What's the matter with you, anyhow?",The red joker,Let’s find shelter.,2.3,- Kneel down
Thank you very much.,Drunk.,We’re lucky to be alive.,It is possible.,How did you get the DNA to match?
Easy. Easy.,I'll just ask around.,We survived.,Loop through the image sequence,What do you mean
Isn't this great?,I say!,This isn’t the end.,Prepare...,At that time I...
Really?,I'm gonna stop you right there.,Let’s stick together.,Initializing main view,Uh-huh
Test of breaking strength of strap (static test),All right.,You’re not alone.,Delete synchronization group '%1'?,(ii) Draft resolution (A/56/L.26)
He showed up again and became emergent.,"Having regard to the Treaty establishing the European Community,",Everything will be fine.,Add attachment,1. Report of the International Narcotics Control Board for 2006
Tell you what?,So?,We’ll rebuild.,IMAP headers,Richard Conte is a machine gunner and his assistant carries the bullets and such
"I don't know about you, but my friends have abandoned me.",Dumb blonde.,There’s still hope.,Hang up,Bulletin of the Secretary-General
That you suffered from severe post-traumatic stress disorder.,I'm afraid people are getting used to capital punishment.,We’ll get through this.,Cannot delete folder '%s': %s,- и琌礚竜 - 癸иぃ琌
Bernard?,"Yeah, right...",We have each other.,Failed to create cache file,Lu
Fair point.,"All right, look, your neighbor's daughter called with a quote for the car.",You’re stronger than you think.,Keep watching them; they will soon see (their outcome).,United Nations Fund for International Partnerships
"Oh, really?","Oh, my dear.",Let’s move forward.,Wait.,President (speaking in English): I inform the Security Council that I have received a letter from the representative of Lebanon requesting to participate in the consideration of an item on the Security Council’s agenda.
How does he figure?,A delicacy.,The worst is over.,"And do not be like those who came out of their homes boastfully, showing off to the people and hindering from the path of Allah; and Allah is All-Encompassing of what they do.","She may have said, done, or seen something she wasn’t supposed to know"
"Well, what if they send more or worse?","Of course, you could leave Vienna, thus avoiding the issue entirely.",We can do this.,Jack:,"- Hey, do you mind if..."
I'm...,This is for you.,Keep going.,"But those who were given knowledge and faith will say, 'You stayed according to the decree of Allah until the Day of Resurrection. This is the Day of Resurrection, but you did not know.'","Come here, come here."
Whassat for?,What the fuck?,I’m with you.,Africa/Timbuktu,The Immigration Act governs the entry and stay of non-citizens in Mauritius.